{
  "accuracy": 0.40379810094952523,
  "classification_report": {
    "Acne and Rosacea Photos": {
      "precision": 0.6089743589743589,
      "recall": 0.6089743589743589,
      "f1-score": 0.6089743589743589,
      "support": 312.0
    },
    "Actinic Keratosis Basal Cell Carcinoma and other Malignant Lesions": {
      "precision": 0.605,
      "recall": 0.4201388888888889,
      "f1-score": 0.4959016393442623,
      "support": 288.0
    },
    "Atopic Dermatitis Photos": {
      "precision": 0.3142857142857143,
      "recall": 0.44715447154471544,
      "f1-score": 0.3691275167785235,
      "support": 123.0
    },
    "Bullous Disease Photos": {
      "precision": 0.21052631578947367,
      "recall": 0.3185840707964602,
      "f1-score": 0.2535211267605634,
      "support": 113.0
    },
    "Cellulitis Impetigo and other Bacterial Infections": {
      "precision": 0.15126050420168066,
      "recall": 0.2465753424657534,
      "f1-score": 0.1875,
      "support": 73.0
    },
    "Eczema Photos": {
      "precision": 0.5022421524663677,
      "recall": 0.36245954692556637,
      "f1-score": 0.42105263157894735,
      "support": 309.0
    },
    "Exanthems and Drug Eruptions": {
      "precision": 0.3780487804878049,
      "recall": 0.3069306930693069,
      "f1-score": 0.33879781420765026,
      "support": 101.0
    },
    "Hair Loss Photos Alopecia and other Hair Diseases": {
      "precision": 0.37777777777777777,
      "recall": 0.85,
      "f1-score": 0.5230769230769231,
      "support": 60.0
    },
    "Herpes HPV and other STDs Photos": {
      "precision": 0.35294117647058826,
      "recall": 0.5294117647058824,
      "f1-score": 0.4235294117647059,
      "support": 102.0
    },
    "Light Diseases and Disorders of Pigmentation": {
      "precision": 0.3,
      "recall": 0.3356643356643357,
      "f1-score": 0.31683168316831684,
      "support": 143.0
    },
    "Lupus and other Connective Tissue diseases": {
      "precision": 0.25806451612903225,
      "recall": 0.22857142857142856,
      "f1-score": 0.24242424242424243,
      "support": 105.0
    },
    "Melanoma Skin Cancer Nevi and Moles": {
      "precision": 0.34210526315789475,
      "recall": 0.5603448275862069,
      "f1-score": 0.42483660130718953,
      "support": 116.0
    },
    "Nail Fungus and other Nail Disease": {
      "precision": 0.8305785123966942,
      "recall": 0.7701149425287356,
      "f1-score": 0.7992047713717694,
      "support": 261.0
    },
    "Poison Ivy Photos and other Contact Dermatitis": {
      "precision": 0.14666666666666667,
      "recall": 0.3384615384615385,
      "f1-score": 0.20465116279069767,
      "support": 65.0
    },
    "Psoriasis pictures Lichen Planus and related diseases": {
      "precision": 0.36,
      "recall": 0.1534090909090909,
      "f1-score": 0.2151394422310757,
      "support": 352.0
    },
    "Scabies Lyme Disease and other Infestations and Bites": {
      "precision": 0.22727272727272727,
      "recall": 0.32407407407407407,
      "f1-score": 0.26717557251908397,
      "support": 108.0
    },
    "Seborrheic Keratoses and other Benign Tumors": {
      "precision": 0.4765625,
      "recall": 0.3556851311953353,
      "f1-score": 0.4073455759599332,
      "support": 343.0
    },
    "Systemic Disease": {
      "precision": 0.30434782608695654,
      "recall": 0.27631578947368424,
      "f1-score": 0.2896551724137931,
      "support": 152.0
    },
    "Tinea Ringworm Candidiasis and other Fungal Infections": {
      "precision": 0.43790849673202614,
      "recall": 0.4123076923076923,
      "f1-score": 0.4247226624405705,
      "support": 325.0
    },
    "Urticaria Hives": {
      "precision": 0.20952380952380953,
      "recall": 0.41509433962264153,
      "f1-score": 0.27848101265822783,
      "support": 53.0
    },
    "Vascular Tumors": {
      "precision": 0.28368794326241137,
      "recall": 0.3305785123966942,
      "f1-score": 0.3053435114503817,
      "support": 121.0
    },
    "Vasculitis Photos": {
      "precision": 0.36220472440944884,
      "recall": 0.4380952380952381,
      "f1-score": 0.39655172413793105,
      "support": 105.0
    },
    "Warts Molluscum and other Viral Infections": {
      "precision": 0.42272727272727273,
      "recall": 0.34191176470588236,
      "f1-score": 0.3780487804878049,
      "support": 272.0
    },
    "accuracy": 0.40379810094952523,
    "macro avg": {
      "precision": 0.3679437842964655,
      "recall": 0.40742860186797875,
      "f1-score": 0.37269101468899796,
      "support": 4002.0
    },
    "weighted avg": {
      "precision": 0.43166371866010944,
      "recall": 0.40379810094952523,
      "f1-score": 0.40578280410801976,
      "support": 4002.0
    }
  },